[
  {
    "Id": 1,
    "ShortName": "Couple Combo",
    "Description": "2 Regular Popcorns+ Coke 300ml",
    "DeliveryTime": "for 2 people",
    "Price": 100
  },
  {
    "Id": 2,
    "ShortName": "Chicken Burger Combo",
    "Description": "Chicken Burger+Coke 300ml",
    "DeliveryTime": "for 2 people",
    "Price": 80
  },
  {
    "Id": 3,
    "ShortName": "Veg Burger Combo",
    "Description": "Veg Burger + Coke",
    "DeliveryTime": "for 2 people",
    "Price": 70
  },
  {
    "Id": 4,
    "ShortName": "FREE",
    "Description": "Free! You get what you pay for",
    "DeliveryTime": "",
    "Price": 0
  }
]